{
  "transfer_files":
  [
    "bin/DEMO.8xp"
  ],
  "target":
  {
    "name": "DEMO",
    "isASM": true
  },
  "sequence":
  [
    "action|launch",
    "delay|300",
    "hashWait|1",
    "key|right",
    "hashWait|2",
    "key|down",
    "hashWait|3",
    "key|left",
    "hashWait|4",
    "key|up",
    "hashWait|5",
    "key|enter",
    "hashWait|6"
  ],
  "hashes":
  {
    "1":
    {
      "description": "Test tilemap display",
      "start": "vram_start",
      "size": "vram_8_size",
      "expected_CRCs": [ "18678D29" ]
    },
    "2":
    {
      "description": "Test tilemap right",
      "start": "vram_start",
      "size": "vram_8_size",
      "expected_CRCs": [ "854599C0" ]
    },
    "3":
    {
      "description": "Test tilemap down",
      "start": "vram_start",
      "size": "vram_8_size",
      "expected_CRCs": [ "40E35D1E" ]
    },
    "4":
    {
      "description": "Test tilemap left",
      "start": "vram_start",
      "size": "vram_8_size",
      "expected_CRCs": [ "32EAC098" ]
    },
    "5":
    {
      "description": "Test tilemap up",
      "start": "vram_start",
      "size": "vram_8_size",
      "expected_CRCs": [ "18678D29" ]
    },
    "6":
    {
      "description": "Test program exit",
      "start": "vram_start",
      "size": "vram_16_size",
      "expected_CRCs": [ "FFAF89BA", "101734A5", "9DA19F44", "A32840C8", "349F4775" ]
    }
  }
}
